{
    "name": "q0",
    "origin": "\u0000",
    "children": {
        "e": {
            "name": "e",
            "origin": "e",
            "children": {
                "b": {
                    "name": "eb",
                    "origin": "b",
                    "children": {
                        "a": {
                            "name": "eba",
                            "origin": "a",
                            "children": {
                                "y": {
                                    "name": "ebay",
                                    "origin": "y",
                                    "children": {},
                                    "end": true
                                }
                            },
                            "end": false
                        }
                    },
                    "end": false
                },
                "l": {
                    "name": "el",
                    "origin": "l",
                    "children": {
                        "s": {
                            "name": "els",
                            "origin": "s",
                            "children": {
                                "e": {
                                    "name": "else",
                                    "origin": "e",
                                    "children": {},
                                    "end": true
                                }
                            },
                            "end": false
                        }
                    },
                    "end": false
                }
            },
            "end": false
        },
        "w": {
            "name": "w",
            "origin": "w",
            "children": {
                "e": {
                    "name": "we",
                    "origin": "e",
                    "children": {
                        "b": {
                            "name": "web",
                            "origin": "b",
                            "children": {
                                "a": {
                                    "name": "weba",
                                    "origin": "a",
                                    "children": {
                                        "y": {
                                            "name": "webay",
                                            "origin": "y",
                                            "children": {},
                                            "end": true
                                        }
                                    },
                                    "end": false
                                },
                                "m": {
                                    "name": "webm",
                                    "origin": "m",
                                    "children": {
                                        "a": {
                                            "name": "webma",
                                            "origin": "a",
                                            "children": {
                                                "s": {
                                                    "name": "webmas",
                                                    "origin": "s",
                                                    "children": {
                                                        "t": {
                                                            "name": "webmast",
                                                            "origin": "t",
                                                            "children": {
                                                                "e": {
                                                                    "name": "webmaste",
                                                                    "origin": "e",
                                                                    "children": {
                                                                        "r": {
                                                                            "name": "webmaster",
                                                                            "origin": "r",
                                                                            "children": {},
                                                                            "end": true
                                                                        }
                                                                    },
                                                                    "end": false
                                                                }
                                                            },
                                                            "end": false
                                                        }
                                                    },
                                                    "end": false
                                                }
                                            },
                                            "end": false
                                        }
                                    },
                                    "end": false
                                },
                                "p": {
                                    "name": "webp",
                                    "origin": "p",
                                    "children": {
                                        "a": {
                                            "name": "webpa",
                                            "origin": "a",
                                            "children": {
                                                "g": {
                                                    "name": "webpag",
                                                    "origin": "g",
                                                    "children": {
                                                        "e": {
                                                            "name": "webpage",
                                                            "origin": "e",
                                                            "children": {},
                                                            "end": true
                                                        }
                                                    },
                                                    "end": false
                                                }
                                            },
                                            "end": false
                                        }
                                    },
                                    "end": false
                                },
                                "s": {
                                    "name": "webs",
                                    "origin": "s",
                                    "children": {
                                        "i": {
                                            "name": "websi",
                                            "origin": "i",
                                            "children": {
                                                "t": {
                                                    "name": "websit",
                                                    "origin": "t",
                                                    "children": {
                                                        "e": {
                                                            "name": "website",
                                                            "origin": "e",
                                                            "children": {},
                                                            "end": true
                                                        }
                                                    },
                                                    "end": false
                                                }
                                            },
                                            "end": false
                                        }
                                    },
                                    "end": false
                                }
                            },
                            "end": true
                        }
                    },
                    "end": true
                }
            },
            "end": false
        }
    },
    "end": false
}